{
  "logistic_desc_fp": {
    "roc_auc": 0.9816247755241442,
    "pr_auc": 0.9986209928753643,
    "cm": [
      [
        628,
        25
      ],
      [
        1,
        17374
      ]
    ]
  },
  "xgb_desc_fp": {
    "roc_auc": 0.9814234248129827,
    "pr_auc": 0.9986063300785869,
    "cm": [
      [
        628,
        25
      ],
      [
        1,
        17374
      ]
    ]
  },
  "n_samples": 100151,
  "n_features_total": 2055,
  "desc_features": [
    "MW",
    "LogP",
    "TPSA",
    "HBD",
    "HBA",
    "RotB",
    "Rings"
  ],
  "fp_bits": 2048
}