{
  "val": {
    "roc_auc": {
      "lr": 0.9948163731478665,
      "xgb": 0.9993192292178883
    },
    "pr_auc": {
      "lr": 0.8133125658527647,
      "xgb": 0.8142970487309884
    },
    "best_f1": {
      "lr": {
        "thr": 0.3371453904773813,
        "f1": 0.893333333332839
      },
      "xgb": {
        "thr": 0.27322596311569214,
        "f1": 0.8630136986296463
      }
    },
    "cm@0.5": {
      "lr": [
        [
          94719,
          0
        ],
        [
          20,
          63
        ]
      ],
      "xgb": [
        [
          94719,
          0
        ],
        [
          20,
          63
        ]
      ]
    },
    "cm@bestF1": {
      "lr": [
        [
          94712,
          7
        ],
        [
          16,
          67
        ]
      ],
      "xgb": [
        [
          94712,
          7
        ],
        [
          20,
          63
        ]
      ]
    },
    "cls_report@0.5": {
      "lr": {
        "0": {
          "precision": 0.9997888936974213,
          "recall": 1.0,
          "f1-score": 0.9998944357060667,
          "support": 94719.0
        },
        "1": {
          "precision": 1.0,
          "recall": 0.7590361445783133,
          "f1-score": 0.863013698630137,
          "support": 83.0
        },
        "accuracy": 0.9997890339866248,
        "macro avg": {
          "precision": 0.9998944468487106,
          "recall": 0.8795180722891567,
          "f1-score": 0.9314540671681019,
          "support": 94802.0
        },
        "weighted avg": {
          "precision": 0.9997890785228798,
          "recall": 0.9997890339866248,
          "f1-score": 0.9997745953949203,
          "support": 94802.0
        }
      },
      "xgb": {
        "0": {
          "precision": 0.9997888936974213,
          "recall": 1.0,
          "f1-score": 0.9998944357060667,
          "support": 94719.0
        },
        "1": {
          "precision": 1.0,
          "recall": 0.7590361445783133,
          "f1-score": 0.863013698630137,
          "support": 83.0
        },
        "accuracy": 0.9997890339866248,
        "macro avg": {
          "precision": 0.9998944468487106,
          "recall": 0.8795180722891567,
          "f1-score": 0.9314540671681019,
          "support": 94802.0
        },
        "weighted avg": {
          "precision": 0.9997890785228798,
          "recall": 0.9997890339866248,
          "f1-score": 0.9997745953949203,
          "support": 94802.0
        }
      }
    }
  },
  "test": {
    "roc_auc": {
      "lr": 0.8910803127221039,
      "xgb": 0.8665600568585643
    },
    "pr_auc": {
      "lr": 0.2409494198416354,
      "xgb": 0.07885200893611066
    },
    "best_f1": {
      "lr": {
        "thr": 0.6248089950541039,
        "f1": 0.44444444444394515
      },
      "xgb": {
        "thr": 0.0007302089361473918,
        "f1": 0.17948717948701606
      }
    },
    "cm@0.5": {
      "lr": [
        [
          742,
          62
        ],
        [
          8,
          6
        ]
      ],
      "xgb": [
        [
          734,
          70
        ],
        [
          9,
          5
        ]
      ]
    },
    "cm@bestF1": {
      "lr": [
        [
          742,
          62
        ],
        [
          8,
          6
        ]
      ],
      "xgb": [
        [
          593,
          211
        ],
        [
          0,
          14
        ]
      ]
    },
    "cls_report@0.5": {
      "lr": {
        "0": {
          "precision": 0.9893333333333333,
          "recall": 0.9228855721393034,
          "f1-score": 0.954954954954955,
          "support": 804.0
        },
        "1": {
          "precision": 0.08823529411764706,
          "recall": 0.42857142857142855,
          "f1-score": 0.14634146341463414,
          "support": 14.0
        },
        "accuracy": 0.9144254278728606,
        "macro avg": {
          "precision": 0.5387843137254902,
          "recall": 0.675728500355366,
          "f1-score": 0.5506482091847945,
          "support": 818.0
        },
        "weighted avg": {
          "precision": 0.973911117503236,
          "recall": 0.9144254278728606,
          "f1-score": 0.9411156042439959,
          "support": 818.0
        }
      },
      "xgb": {
        "0": {
          "precision": 0.9878869448183042,
          "recall": 0.9129353233830846,
          "f1-score": 0.9489334195216548,
          "support": 804.0
        },
        "1": {
          "precision": 0.06666666666666667,
          "recall": 0.35714285714285715,
          "f1-score": 0.11235955056179775,
          "support": 14.0
        },
        "accuracy": 0.9034229828850856,
        "macro avg": {
          "precision": 0.5272768057424855,
          "recall": 0.6350390902629709,
          "f1-score": 0.5306464850417263,
          "support": 818.0
        },
        "weighted avg": {
          "precision": 0.9721203385907701,
          "recall": 0.9034229828850856,
          "f1-score": 0.9346155293438577,
          "support": 818.0
        }
      }
    }
  }
}